MAC,IP,HOST
001E25b9b21c,121.122.111.121,PHYQFGXODA.8447098949.com
000BB36098e1,212.111.211.212,TXSVSWMLDX.1062776202.com
4889E78776d8,212.112.211.122,HJVXKOXGTE.6785003720.com
04F021ff08ce,222.112.112.222,TEIMVABKVW.9213358813.com
C8B21Eb1bf17,112.111.211.111,ORHLUHUGAM.5226523201.com
001084fba78a,211.122.221.221,JZMXGMISJK.2862088184.com
000B997ebf5d,221.222.111.222,BKRCUBIHGH.4060062230.com
F46ABCb04276,122.121.122.211,OZXOJRGVHL.2038870955.com
000F5Cd663e7,211.221.222.121,TFVEIFUAIQ.7252539562.com
104B462fc234,211.222.121.121,JQEMVHTUFT.3865677495.com
00802A301357,222.122.112.111,SIVHLKXBZG.0282409244.com
002174ec312a,212.111.112.121,HFCATHPYDG.7282542499.com
E4FED9de5845,122.222.221.222,XSOIWUAIOV.2762128659.com
88835Dda8258,221.121.222.121,HOMRMXSUHJ.2648280923.com
001EE44990bf,121.221.222.122,SFVKJATMFL.2551702303.com
00011Bb4c47f,121.111.122.212,IPUGSUGHFM.2502037866.com
540496e66448,112.222.121.121,TWJZLAXMHI.7752956018.com
00A06E743c78,222.221.212.222,PCAVSFWGMH.8166777593.com
587FB79b145d,212.212.122.112,ZVOQWEPOYU.0094619109.com
64B0A6b6ff25,211.122.211.112,ADRLSKHHTI.6114184510.com
00232F1b6c19,212.111.112.222,PCHPMCSBGX.1805062377.com
2CFF65cb1179,111.122.211.121,EIUOKWIFYJ.8319646663.com
0006FFfad56c,122.112.111.111,WGEAGJYFDI.3937039645.com
000DAC1b78a9,222.222.221.111,KUHKWSJBUT.3513405192.com
00079F0f728f,122.122.211.222,IMZUGEYXAS.3933956988.com
0080225c3522,222.221.112.122,GVHBQSKJYB.3105435893.com
A0B6627d0422,112.221.212.212,WOLHGBLDJG.8711256789.com
00C0E69ee440,121.222.221.112,ZGBADIAQGH.7601340398.com
B07FB9aaf29d,211.212.121.121,GQGIBAHWQF.8408398611.com
84DF198701e5,212.211.122.121,SLJTUISEFJ.1434530769.com
00504Cff373a,111.211.212.122,BFHSSSCYOA.9574571044.com
00093756bb88,112.111.121.221,PPJHIYIAJF.0875160062.com
000E722ca835,221.221.112.212,GASLLCQTGM.3523007223.com
